{
    "name": "bootstrap-select",
    "title": "Bootstrap Select",
    "description": "A custom select / multiselect for @twitter bootstrap using button dropdown, designed to behave like regular Bootstrap selects",
    "keywords": [
        "form",
        "bootstrap",
        "select",
        "replacement"
    ],
    "version": "1.3.5",
    "author": {
        "name": "Silvio Moreto",
        "url": "https://github.com/silviomoreto/"
    },
    "licenses": [
        {
            "type": "MIT",
            "url": "https://github.com/silviomoreto/bootstrap-select#copyright-and-license"
        }
    ],
    "bugs": "https://github.com/silviomoreto/bootstrap-select/issues",
    "homepage": "https://github.com/silviomoreto/bootstrap-select",
    "docs": "https://github.com/silviomoreto/bootstrap-select",
    "download": "https://github.com/silviomoreto/bootstrap-select/releases",
    "dependencies": {
        "jquery": ">=1.7"
    }
}